id,nombres,apellidos,direccion,correo,dni,edad,fecha_creacion,telefono
1,Lethia,Souch,5 Vera Trail,lsouch4@huffingtonpost.com,258-27-6619,96,Thu May 29 2008 08:02:42 GMT-0500 (hora estándar de Perú),840-922-3612
2,Debee,Peckett,83 Cherokee Crossing,dpeckett3@squarespace.com,664-16-6083,81,Sun Jun 22 2014 07:10:12 GMT-0500 (hora estándar de Perú),574-903-5691
3,Juliet,Bamb,911 Fair Oaks Plaza,jbamb2@ycombinator.com,165-46-7196,40,Sun Aug 14 2011 11:43:18 GMT-0500 (hora estándar de Perú),634-640-4340
4,Millard,Beare,87 Dwight Trail,mbeare5@bandcamp.com,318-48-8283,37,Tue Jun 23 2009 23:03:45 GMT-0500 (hora estándar de Perú),815-391-6091
5,Waldemar,Grayshon,33360 Gerald Drive,wgrayshon6@dailymotion.com,408-47-7658,12,Sat May 30 2015 08:20:55 GMT-0500 (hora estándar de Perú),237-793-9168
6,Bernard,Tiner,573 Rowland Plaza,btiner8@blogtalkradio.com,116-53-6380,137,Fri Jun 28 2002 17:58:55 GMT-0500 (hora estándar de Perú),943-245-0691
7,Erhart,Spalls,547 Algoma Way,espalls1@dropbox.com,151-79-8931,42,Sun Jan 15 2012 11:52:55 GMT-0500 (hora estándar de Perú),965-582-0731
8,Leslie,Heffernon,6513 Moulton Plaza,lheffernon9@nasa.gov,356-49-8560,129,Sat Mar 29 2008 14:55:41 GMT-0500 (hora estándar de Perú),206-248-1552
9,Nixie,Burbridge,8914 Melby Park,nburbridge7@wikispaces.com,738-36-8257,3,Wed Aug 31 2005 08:57:15 GMT-0500 (hora estándar de Perú),503-753-7960
10,Wilhelmina,Korous,802 Warbler Park,wkorous0@pinterest.com,231-02-3918,133,Fri Jun 01 2018 09:03:48 GMT-0500 (hora estándar de Perú),553-937-2530